signal_id,signal_date,signal_type,ticker,sector,industry,market_cap_b,spot_price_at_signal,direction,trend,conviction,side,primary_target,primary_date,range_low,range_high,range_date_earliest,range_date_latest,top3_concentration_pct,total_candidate_premium,avg_days_oi_increases,in_industry_handoff,in_top50,macro_regime,lookback_window
20260503_DAR_sun_call,2026-05-03,sunday,DAR,Consumer Defensive,Packaged Foods,0.0,63.77,BULLISH,HOLDING,LOW,call,60.0,2026-05-15,60.0,70.0,2026-05-15,2026-07-17,76.62,1978470.0,2.67,False,False,RISK-ON,
20260503_ASIX_sun_call,2026-05-03,sunday,ASIX,Basic Materials,Chemicals,0.0,25.37,BULLISH,HOLDING,LOW,call,17.5,2026-06-18,17.5,25.0,2026-05-15,2026-06-18,100.0,38180.0,0.0,False,False,RISK-ON,
20260503_DOW_sun_call,2026-05-03,sunday,DOW,Basic Materials,Chemicals,0.0,40.245,BULLISH,HOLDING,LOW,call,37.5,2026-05-15,37.5,40.0,2026-05-15,2026-06-18,46.79,5563406.1,0.0,False,False,RISK-ON,
20260503_KRO_sun_call,2026-05-03,sunday,KRO,Basic Materials,Specialty Chemicals,0.0,7.88,BULLISH,HOLDING,LOW,call,7.5,2026-06-18,5.0,7.5,2026-05-15,2026-06-18,99.93,318648.0,0.67,False,False,RISK-ON,
20260503_OEC_sun_call,2026-05-03,sunday,OEC,,,,7.8,BULLISH,HOLDING,LOW,call,7.5,2026-05-15,7.5,7.5,2026-05-15,2026-05-15,100.0,2517.5,0.0,False,False,RISK-ON,
20260503_WMT_sun_call,2026-05-03,sunday,WMT,Consumer Defensive,Discount Stores,0.001,131.36,BULLISH,HOLDING,LOW,call,125.0,2026-05-15,125.0,130.0,2026-05-15,2026-07-17,50.09,17484590.5,0.0,False,True,RISK-ON,
20260503_HUN_sun_call,2026-05-03,sunday,HUN,Basic Materials,Chemicals,0.0,14.5,BULLISH,HOLDING,LOW,call,14.0,2026-05-15,13.0,15.0,2026-05-15,2026-06-18,79.44,1125784.8,1.67,False,False,RISK-ON,
20260503_SSL_sun_call,2026-05-03,sunday,SSL,,,,13.83,BULLISH,HOLDING,LOW,call,7.5,2026-06-18,7.5,12.5,2026-05-15,2026-06-18,97.56,160097.5,0.0,False,False,RISK-ON,
20260503_SGML_sun_call,2026-05-03,sunday,SGML,,,,21.7,BULLISH,HOLDING,LOW,call,15.0,2026-07-17,15.0,21.0,2026-05-15,2026-07-17,69.02,63947.5,0.0,False,False,RISK-ON,
20260503_UAMY_sun_call,2026-05-03,sunday,UAMY,Basic Materials,Other Industrial Metals & Mining,0.0,12.14,BULLISH,HOLDING,LOW,call,15.0,2026-06-18,7.5,15.0,2026-05-15,2026-06-18,56.55,7060563.58,1.33,False,False,RISK-ON,
20260503_CTO_sun_call,2026-05-03,sunday,CTO,Real Estate,REIT - Diversified,0.0,20.44,BULLISH,HOLDING,LOW,call,2.5,2026-05-15,2.5,2.5,2026-05-15,2026-05-15,100.0,1755.0,0.0,False,False,RISK-ON,
20260503_LNT_sun_call,2026-05-03,sunday,LNT,Utilities,Utilities - Regulated Electric,0.0,74.06,BULLISH,HOLDING,LOW,call,72.5,2026-05-15,70.0,72.5,2026-05-15,2026-07-17,73.93,18278.5,0.67,False,False,RISK-ON,
20260503_AEP_sun_call,2026-05-03,sunday,AEP,Utilities,Utilities - Regulated Electric,0.0,136.91,BULLISH,HOLDING,LOW,call,130.0,2026-05-15,110.0,135.0,2026-05-15,2026-06-18,59.47,1303414.38,0.0,False,False,RISK-ON,
20260503_ETR_sun_call,2026-05-03,sunday,ETR,Utilities,Utilities - Regulated Electric,0.0,116.43,BULLISH,HOLDING,LOW,call,120.0,2026-05-15,110.0,120.0,2026-05-15,2026-05-15,88.77,748377.5,1.0,False,False,RISK-ON,
20260503_MSOS_sun_call,2026-05-03,sunday,MSOS,,,,5.07,BULLISH,HOLDING,LOW,call,5.0,2026-06-18,5.0,7.0,2026-05-15,2026-06-18,47.99,4531476.69,3.0,False,False,RISK-ON,
20260503_UNFI_sun_call,2026-05-03,sunday,UNFI,Consumer Defensive,Food Distribution,0.0,51.24,BULLISH,HOLDING,LOW,call,50.0,2026-05-15,48.0,50.0,2026-05-15,2026-06-18,96.62,166119.5,0.33,False,False,RISK-ON,
20260503_DHC_sun_call,2026-05-03,sunday,DHC,Real Estate,REIT - Healthcare Facilities,0.0,7.84,BULLISH,HOLDING,LOW,call,5.0,2026-05-15,5.0,5.0,2026-05-15,2026-05-15,100.0,1740.0,0.0,False,False,RISK-ON,
20260503_VTR_sun_call,2026-05-03,sunday,VTR,Real Estate,REIT - Healthcare Facilities,0.0,88.02,BULLISH,HOLDING,LOW,call,85.0,2026-05-15,85.0,90.0,2026-05-15,2026-06-18,72.66,50002.5,0.33,False,False,RISK-ON,
20260503_LNTH_sun_call,2026-05-03,sunday,LNTH,Healthcare,Drug Manufacturers - Specialty & Generic,0.0,86.0,BULLISH,HOLDING,LOW,call,90.0,2026-07-17,90.0,100.0,2026-05-15,2026-07-17,88.51,22669.38,0.67,False,False,RISK-ON,
20260503_LFMD_sun_call,2026-05-03,sunday,LFMD,Healthcare,Health Information Services,0.0,4.987,BULLISH,HOLDING,LOW,call,5.0,2026-05-15,3.0,6.0,2026-05-15,2026-05-15,81.49,517342.9,0.33,False,False,RISK-ON,
20260503_DRH_sun_call,2026-05-03,sunday,DRH,Real Estate,REIT - Hotel & Motel,0.0,10.56,BULLISH,HOLDING,LOW,call,7.5,2026-05-15,7.5,7.5,2026-05-15,2026-05-15,100.0,1315.0,1.0,True,False,RISK-ON,
20260503_XHR_sun_call,2026-05-03,sunday,XHR,Real Estate,REIT - Hotel & Motel,0.0,16.71,BULLISH,HOLDING,LOW,call,2.5,2026-05-15,2.5,15.0,2026-05-15,2026-05-15,100.0,1665.0,0.0,True,False,RISK-ON,
20260503_PBR_sun_call,2026-05-03,sunday,PBR,,,,21.9,BULLISH,HOLDING,MODERATE,call,17.0,2026-05-15,16.0,21.0,2026-05-15,2026-07-17,68.74,11023153.17,0.0,False,False,RISK-ON,
20260503_TTE_sun_call,2026-05-03,sunday,TTE,,,,92.78,BULLISH,HOLDING,LOW,call,92.5,2026-05-15,80.0,95.0,2026-05-15,2026-06-18,64.17,1351893.04,1.33,False,False,RISK-ON,
20260503_CRWV_sun_call,2026-05-03,sunday,CRWV,Technology,Software - Infrastructure,0.0,119.3,BULLISH,HOLDING,LOW,call,130.0,2026-06-18,120.0,130.0,2026-05-15,2026-06-18,39.91,51928333.0,1.0,True,False,RISK-ON,
20260503_GNK_sun_call,2026-05-03,sunday,GNK,Industrials,Marine Shipping,0.0,24.53,BULLISH,HOLDING,LOW,call,22.5,2026-05-15,22.5,22.5,2026-05-15,2026-05-15,100.0,752.5,0.0,False,False,RISK-ON,
20260503_LION_sun_put,2026-05-03,sunday,LION,,,,13.1492,BEARISH,HOLDING,LOW,put,13.0,2026-06-18,12.0,13.0,2026-05-15,2026-06-18,96.83,1333206.72,0.33,False,False,RISK-ON,
20260503_HLX_sun_call,2026-05-03,sunday,HLX,Energy,Oil & Gas Equipment & Services,0.0,10.29,BULLISH,HOLDING,LOW,call,11.0,2026-06-18,1.0,11.0,2026-05-15,2026-06-18,93.87,19633.69,0.33,False,False,RISK-ON,
20260503_SND_sun_call,2026-05-03,sunday,SND,Energy,Oil & Gas Equipment & Services,0.0,5.29,BULLISH,HOLDING,LOW,call,5.0,2026-05-15,5.0,7.5,2026-05-15,2026-06-18,100.0,20888.71,0.0,False,False,RISK-ON,
20260503_EPM_sun_call,2026-05-03,sunday,EPM,Energy,Oil & Gas E&P,0.0,4.8561,BULLISH,HOLDING,LOW,call,5.0,2026-07-17,5.0,5.0,2026-07-17,2026-07-17,100.0,5545.0,3.0,False,False,RISK-ON,
20260503_PR_sun_call,2026-05-03,sunday,PR,Energy,Oil & Gas E&P,0.0,22.12,BULLISH,HOLDING,LOW,call,15.0,2026-05-15,15.0,24.0,2026-05-15,2026-05-15,52.23,422282.02,0.0,False,False,RISK-ON,
20260503_VNOM_sun_call,2026-05-03,sunday,VNOM,Energy,Oil & Gas Midstream,0.0,49.9,BULLISH,HOLDING,LOW,call,47.0,2026-05-15,47.0,50.0,2026-05-15,2026-06-18,60.78,226301.15,1.67,False,False,RISK-ON,
20260503_CVI_sun_put,2026-05-03,sunday,CVI,Energy,Oil & Gas Refining & Marketing,0.0,33.4644,BEARISH,HOLDING,LOW,put,32.5,2026-05-15,27.5,32.5,2026-05-15,2026-05-15,69.56,41267.5,2.67,False,False,RISK-ON,
20260503_GPRE_sun_call,2026-05-03,sunday,GPRE,Basic Materials,Chemicals,0.0,17.76,BULLISH,HOLDING,LOW,call,17.0,2026-05-15,17.0,20.0,2026-05-15,2026-05-15,95.58,1395485.0,1.67,False,False,RISK-ON,
20260503_PARR_sun_call,2026-05-03,sunday,PARR,Energy,Oil & Gas Refining & Marketing,0.0,65.35,BULLISH,HOLDING,LOW,call,70.0,2026-05-15,60.0,70.0,2026-05-15,2026-07-17,53.32,326387.5,2.0,False,False,RISK-ON,
20260503_IMPP_sun_call,2026-05-03,sunday,IMPP,,,,4.9,BULLISH,HOLDING,LOW,call,5.0,2026-07-17,4.0,5.0,2026-06-18,2026-07-17,92.6,25331.84,1.0,False,False,RISK-ON,
20260503_TEN_sun_call,2026-05-03,sunday,TEN,,,,42.4,BULLISH,HOLDING,LOW,call,45.0,2026-05-15,40.0,45.0,2026-05-15,2026-06-18,87.34,268921.41,2.33,False,False,RISK-ON,
20260503_PHVS_sun_put,2026-05-03,sunday,PHVS,,,,29.44,BEARISH,HOLDING,LOW,put,30.0,2026-05-15,30.0,30.0,2026-05-15,2026-05-15,100.0,11690.0,1.0,False,False,RISK-ON,
20260503_MKSI_sun_call,2026-05-03,sunday,MKSI,Technology,Scientific & Technical Instruments,0.0,279.38,BULLISH,HOLDING,LOW,call,270.0,2026-05-15,260.0,280.0,2026-05-15,2026-07-17,47.47,643150.0,0.33,False,False,RISK-ON,
20260503_UMC_sun_put,2026-05-03,sunday,UMC,,,,13.0978,BEARISH,HOLDING,LOW,put,12.0,2026-07-17,12.0,14.0,2026-05-15,2026-07-17,72.05,238567.94,3.33,False,False,RISK-ON,
20260503_AMH_sun_call,2026-05-03,sunday,AMH,Real Estate,REIT - Residential,0.0,31.95,BULLISH,HOLDING,LOW,call,30.0,2026-06-18,30.0,35.0,2026-06-18,2026-06-18,100.0,864.0,0.0,False,False,RISK-ON,
20260503_CE_sun_call,2026-05-03,sunday,CE,Basic Materials,Chemicals,0.0,69.24,BULLISH,HOLDING,LOW,call,75.0,2026-05-15,55.0,75.0,2026-05-15,2026-06-18,62.63,995331.92,0.33,False,False,RISK-ON,
20260503_ECVT_sun_call,2026-05-03,sunday,ECVT,Basic Materials,Specialty Chemicals,0.0,14.36,BULLISH,HOLDING,LOW,call,15.0,2026-06-18,15.0,15.0,2026-05-15,2026-06-18,100.0,25778.33,0.5,False,False,RISK-ON,
20260503_OSW_sun_call,2026-05-03,sunday,OSW,,,,25.21,BULLISH,HOLDING,LOW,call,20.0,2026-06-18,20.0,20.0,2026-06-18,2026-06-18,100.0,2130.0,0.0,False,False,RISK-ON,
20260503_FERG_sun_call,2026-05-03,sunday,FERG,Industrials,Industrial Distribution,0.0,264.27,BULLISH,HOLDING,LOW,call,270.0,2026-05-15,270.0,290.0,2026-05-15,2026-05-15,100.0,52592.5,1.33,False,False,RISK-ON,
20260503_NPKI_sun_call,2026-05-03,sunday,NPKI,Energy,Oil & Gas Equipment & Services,0.0,15.574,BULLISH,HOLDING,LOW,call,15.0,2026-05-15,15.0,17.5,2026-05-15,2026-05-15,100.0,26075.0,0.5,False,False,RISK-ON,
20260503_MRTN_sun_call,2026-05-03,sunday,MRTN,Industrials,Trucking,0.0,15.15,BULLISH,HOLDING,LOW,call,2.5,2026-05-15,2.5,2.5,2026-05-15,2026-05-15,100.0,2580.0,0.0,False,False,RISK-ON,
20260503_RXO_sun_put,2026-05-03,sunday,RXO,Industrials,Trucking,0.0,19.59,BEARISH,HOLDING,LOW,put,17.5,2026-05-15,15.0,17.5,2026-05-15,2026-06-18,99.62,57512.5,0.33,False,False,RISK-ON,
20260503_VOD_sun_put,2026-05-03,sunday,VOD,,,,16.15,BEARISH,HOLDING,LOW,put,16.0,2026-05-29,15.0,16.0,2026-05-29,2026-07-17,93.81,222240.0,0.33,False,False,RISK-ON,
20260504_NVDA_sun_call,2026-05-04,sunday,NVDA,Technology,Semiconductors,0.005,198.12,BULLISH,HOLDING,LOW,call,210.0,2026-05-15,200.0,210.0,2026-05-15,2026-06-18,34.72,582177417.52,0.67,False,True,RISK-ON,
20260504_AAPL_sun_call,2026-05-04,sunday,AAPL,Technology,Consumer Electronics,0.004,280.07,BULLISH,HOLDING,LOW,call,270.0,2026-05-15,270.0,280.0,2026-05-15,2026-06-18,34.03,228279639.0,2.33,False,True,RISK-ON,
20260504_INTC_sun_call,2026-05-04,sunday,INTC,Technology,Semiconductors,0.001,100.77,BULLISH,HOLDING,LOW,call,70.0,2026-05-15,60.0,70.0,2026-05-15,2026-06-18,27.34,252426368.0,0.0,False,True,RISK-ON,
20260504_PLTR_sun_call,2026-05-04,sunday,PLTR,Technology,Software - Infrastructure,0.0,144.41,BULLISH,HOLDING,LOW,call,150.0,2026-05-15,150.0,160.0,2026-05-15,2026-06-18,40.46,52875234.5,0.67,True,True,RISK-ON,
20260504_GPI_sun_put,2026-05-04,sunday,GPI,Consumer Cyclical,Auto & Truck Dealerships,0.0,353.67,BEARISH,HOLDING,LOW,put,340.0,2026-05-15,340.0,370.0,2026-05-15,2026-06-18,75.52,13825.0,0.33,False,False,RISK-ON,
20260505_NVDA_sun_call,2026-05-05,sunday,NVDA,Technology,Semiconductors,0.005,196.5903,BULLISH,HOLDING,LOW,call,210.0,2026-05-15,200.0,210.0,2026-05-15,2026-07-17,33.53,665494595.0,0.67,False,True,TRANSITIONAL,
20260530_NVDA_sun_call,2026-05-30,sunday,NVDA,Technology,Semiconductors,0.005,212.49,BULLISH,HOLDING,LOW,call,220.0,2026-06-18,215.0,230.0,2026-06-18,2026-07-17,28.96,409114586.5,1.67,False,True,RISK-ON,
20260530_AAPL_sun_call,2026-05-30,sunday,AAPL,Technology,Consumer Electronics,0.005,311.35,BULLISH,HOLDING,LOW,call,300.0,2026-06-18,300.0,345.0,2026-06-18,2026-08-21,39.47,246967537.0,0.0,False,True,RISK-ON,
20260530_INTC_sun_call,2026-05-30,sunday,INTC,Technology,Semiconductors,0.001,115.326,BULLISH,HOLDING,LOW,call,150.0,2026-06-18,120.0,150.0,2026-06-18,2026-08-21,30.8,167714690.0,0.0,False,True,RISK-ON,
20260530_PLTR_sun_call,2026-05-30,sunday,PLTR,Technology,Software - Infrastructure,0.0,156.3795,BULLISH,STRENGTHENING,MODERATE,call,150.0,2026-07-17,150.0,155.0,2026-06-18,2026-07-17,31.64,141685571.0,12.0,False,True,RISK-ON,
20260530_GPI_sun_call,2026-05-30,sunday,GPI,Consumer Cyclical,Auto & Truck Dealerships,0.0,316.34,BULLISH,HOLDING,LOW,call,400.0,2026-07-17,370.0,400.0,2026-07-17,2026-07-17,100.0,1379.17,0.0,False,False,RISK-ON,
20260531_NVDA_sun_call,2026-05-31,sunday,NVDA,Technology,Semiconductors,0.005,212.49,BULLISH,HOLDING,LOW,call,220.0,2026-06-18,215.0,230.0,2026-06-18,2026-07-17,28.96,409114586.5,1.67,False,True,RISK-ON,
20260531_AAPL_sun_call,2026-05-31,sunday,AAPL,Technology,Consumer Electronics,0.005,311.35,BULLISH,HOLDING,LOW,call,300.0,2026-06-18,300.0,345.0,2026-06-18,2026-08-21,39.47,246967537.0,0.0,False,True,RISK-ON,
20260531_INTC_sun_call,2026-05-31,sunday,INTC,Technology,Semiconductors,0.001,115.326,BULLISH,HOLDING,LOW,call,150.0,2026-06-18,120.0,150.0,2026-06-18,2026-08-21,30.8,167714690.0,0.0,False,True,RISK-ON,
20260531_PLTR_sun_call,2026-05-31,sunday,PLTR,Technology,Software - Infrastructure,0.0,156.3795,BULLISH,STRENGTHENING,MODERATE,call,150.0,2026-07-17,150.0,155.0,2026-06-18,2026-07-17,31.64,141685571.0,12.0,False,True,RISK-ON,
20260531_GPI_sun_call,2026-05-31,sunday,GPI,Consumer Cyclical,Auto & Truck Dealerships,0.0,316.34,BULLISH,HOLDING,LOW,call,400.0,2026-07-17,370.0,400.0,2026-07-17,2026-07-17,100.0,1379.17,0.0,False,False,RISK-ON,
20260602_NVDA_sun_call_14d,2026-06-02,sunday,NVDA,Technology,Semiconductors,0.005,226.695,BULLISH,HOLDING,LOW,call,220.0,2026-06-18,215.0,220.0,2026-06-18,2026-07-17,25.45,650152959.0,0.33,True,True,RISK-ON,14
20260602_NVDA_sun_call_30d,2026-06-02,sunday,NVDA,Technology,Semiconductors,0.005,226.695,BULLISH,HOLDING,LOW,call,220.0,2026-06-18,200.0,220.0,2026-06-18,2026-06-18,28.04,1542229730.5,0.67,True,True,RISK-ON,30
20260602_NVDA_sun_call_60d,2026-06-02,sunday,NVDA,Technology,Semiconductors,0.005,226.695,BULLISH,HOLDING,LOW,call,200.0,2026-06-18,200.0,220.0,2026-06-18,2026-06-18,33.55,2016281231.0,0.67,True,True,RISK-ON,60
20260602_AAPL_sun_call_14d,2026-06-02,sunday,AAPL,Technology,Consumer Electronics,0.004,312.415,BULLISH,HOLDING,LOW,call,300.0,2026-06-18,300.0,310.0,2026-06-18,2026-07-17,48.06,195347324.5,0.33,False,True,RISK-ON,14
20260602_AAPL_sun_call_30d,2026-06-02,sunday,AAPL,Technology,Consumer Electronics,0.004,312.415,BULLISH,HOLDING,LOW,call,300.0,2026-06-18,300.0,305.0,2026-06-18,2026-07-17,49.77,329396908.0,0.0,False,True,RISK-ON,30
20260602_AAPL_sun_call_60d,2026-06-02,sunday,AAPL,Technology,Consumer Electronics,0.004,312.415,BULLISH,HOLDING,LOW,call,300.0,2026-06-18,300.0,310.0,2026-06-18,2026-07-17,53.22,372690922.71,0.0,False,True,RISK-ON,60
20260602_MSFT_sun_call_14d,2026-06-02,sunday,MSFT,Technology,Software - Infrastructure,0.003,442.85,BULLISH,HOLDING,LOW,call,500.0,2026-08-21,450.0,500.0,2026-06-18,2026-08-21,34.65,497922194.5,0.33,False,True,RISK-ON,14
20260602_MSFT_sun_call_30d,2026-06-02,sunday,MSFT,Technology,Software - Infrastructure,0.003,442.85,BULLISH,HOLDING,LOW,call,450.0,2026-07-17,450.0,500.0,2026-06-18,2026-08-21,32.93,656317911.5,0.33,False,True,RISK-ON,30
20260602_MSFT_sun_call_60d,2026-06-02,sunday,MSFT,Technology,Software - Infrastructure,0.003,442.85,BULLISH,HOLDING,LOW,call,450.0,2026-06-18,450.0,450.0,2026-06-18,2026-08-21,32.62,1116416088.0,0.0,False,True,RISK-ON,60
20260602_AMZN_sun_call_14d,2026-06-02,sunday,AMZN,Consumer Cyclical,Internet Retail,0.003,260.74,BULLISH,HOLDING,LOW,call,300.0,2026-07-17,270.0,300.0,2026-06-18,2026-07-17,30.2,180404972.0,3.33,False,True,RISK-ON,14
20260602_AMZN_sun_call_30d,2026-06-02,sunday,AMZN,Consumer Cyclical,Internet Retail,0.003,260.74,BULLISH,HOLDING,LOW,call,275.0,2026-07-17,270.0,300.0,2026-06-18,2026-07-17,25.52,357374013.0,1.33,False,True,RISK-ON,30
20260602_AMZN_sun_call_60d,2026-06-02,sunday,AMZN,Consumer Cyclical,Internet Retail,0.003,260.74,BULLISH,HOLDING,LOW,call,265.0,2026-06-18,250.0,275.0,2026-06-18,2026-06-18,23.49,765635324.0,0.33,False,True,RISK-ON,60
20260602_META_sun_call_14d,2026-06-02,sunday,META,Communication Services,Internet Content & Information,0.002,608.505,LEAN BULLISH,HOLDING,LOW,call,620.0,2026-06-18,620.0,720.0,2026-06-18,2026-06-18,24.54,215077925.0,4.67,False,True,RISK-ON,14
20260602_META_sun_call_30d,2026-06-02,sunday,META,Communication Services,Internet Content & Information,0.002,608.505,LEAN BULLISH,HOLDING,LOW,call,620.0,2026-06-18,620.0,720.0,2026-06-18,2026-06-18,22.56,381539700.0,4.33,False,True,RISK-ON,30
20260602_META_sun_call_60d,2026-06-02,sunday,META,Communication Services,Internet Content & Information,0.002,608.505,LEAN BULLISH,HOLDING,LOW,call,620.0,2026-06-18,600.0,720.0,2026-06-18,2026-06-18,27.08,649620745.0,0.67,False,True,RISK-ON,60
20260602_INTC_sun_call_14d,2026-06-02,sunday,INTC,Technology,Semiconductors,0.001,108.04,BULLISH,HOLDING,LOW,call,150.0,2026-06-18,110.0,150.0,2026-06-18,2026-08-21,31.17,214744219.0,1.33,True,True,RISK-ON,14
20260602_INTC_sun_call_30d,2026-06-02,sunday,INTC,Technology,Semiconductors,0.001,108.04,BULLISH,HOLDING,LOW,call,150.0,2026-06-18,110.0,150.0,2026-06-18,2026-08-21,27.56,432516716.5,1.33,True,True,RISK-ON,30
20260602_INTC_sun_call_60d,2026-06-02,sunday,INTC,Technology,Semiconductors,0.001,108.04,BULLISH,HOLDING,LOW,call,110.0,2026-08-21,110.0,150.0,2026-06-18,2026-08-21,26.98,495643409.5,1.33,True,True,RISK-ON,60
20260602_PLTR_sun_call_14d,2026-06-02,sunday,PLTR,Technology,Software - Infrastructure,0.0,151.005,LEAN BULLISH,HOLDING,LOW,call,150.0,2026-07-17,150.0,160.0,2026-07-17,2026-07-17,37.18,175698110.5,1.67,False,True,RISK-ON,14
20260602_PLTR_sun_call_30d,2026-06-02,sunday,PLTR,Technology,Software - Infrastructure,0.0,151.005,LEAN BULLISH,HOLDING,LOW,call,150.0,2026-07-17,150.0,155.0,2026-06-18,2026-07-17,36.64,239991123.0,0.0,False,True,RISK-ON,30
20260602_PLTR_sun_call_60d,2026-06-02,sunday,PLTR,Technology,Software - Infrastructure,0.0,151.005,LEAN BULLISH,HOLDING,LOW,call,150.0,2026-06-18,140.0,150.0,2026-06-18,2026-07-17,40.0,332568676.5,0.0,False,True,RISK-ON,60
20260602_SPY_sun_call_14d,2026-06-02,sunday,SPY,,,,760.34,BALANCED,HOLDING,LOW,call,760.0,2026-06-12,757.0,760.0,2026-06-12,2026-06-18,40.18,103998200.5,0.0,False,False,RISK-ON,14
20260602_SPY_sun_call_30d,2026-06-02,sunday,SPY,,,,760.34,BALANCED,HOLDING,LOW,call,740.0,2026-06-18,740.0,760.0,2026-06-12,2026-06-18,47.6,163508285.0,0.0,False,False,RISK-ON,30
20260602_SPY_sun_call_60d,2026-06-02,sunday,SPY,,,,760.34,BALANCED,HOLDING,LOW,call,740.0,2026-06-18,740.0,760.0,2026-06-12,2026-06-18,48.97,170898918.0,0.0,False,False,RISK-ON,60
20260602_SPY_sun_put_14d,2026-06-02,sunday,SPY,,,,760.34,BALANCED,HOLDING,LOW,put,750.0,2026-07-17,750.0,750.0,2026-06-18,2026-07-17,46.21,94652808.5,2.33,False,False,RISK-ON,14
20260602_SPY_sun_put_30d,2026-06-02,sunday,SPY,,,,760.34,BALANCED,HOLDING,LOW,put,750.0,2026-07-17,750.0,750.0,2026-06-18,2026-07-17,43.8,127499840.5,2.33,False,False,RISK-ON,30
20260602_SPY_sun_put_60d,2026-06-02,sunday,SPY,,,,760.34,BALANCED,HOLDING,LOW,put,750.0,2026-07-17,750.0,750.0,2026-06-18,2026-07-17,43.57,130666611.0,2.33,False,False,RISK-ON,60
20260602_QQQ_sun_call_14d,2026-06-02,sunday,QQQ,,,,745.27,LEAN BULLISH,HOLDING,LOW,call,740.0,2026-06-18,740.0,750.0,2026-06-18,2026-06-18,41.08,155610034.0,0.0,False,False,RISK-ON,14
20260602_QQQ_sun_call_30d,2026-06-02,sunday,QQQ,,,,745.27,LEAN BULLISH,HOLDING,LOW,call,740.0,2026-06-18,740.0,750.0,2026-06-18,2026-06-18,43.25,199815130.54,0.0,False,False,RISK-ON,30
20260602_QQQ_sun_call_60d,2026-06-02,sunday,QQQ,,,,745.27,LEAN BULLISH,HOLDING,LOW,call,740.0,2026-06-18,740.0,750.0,2026-06-18,2026-06-18,43.17,200684090.56,0.0,False,False,RISK-ON,60
20260607_NVDA_sun_call_14d,2026-06-07,sunday,NVDA,Technology,Semiconductors,0.005,204.0378,BALANCED,HOLDING,LOW,call,220.0,2026-06-18,0.5,220.0,2026-06-18,2026-07-17,32.44,578458562.0,0.0,False,True,TRANSITIONAL,14
20260607_NVDA_sun_call_30d,2026-06-07,sunday,NVDA,Technology,Semiconductors,0.005,204.0378,BALANCED,HOLDING,LOW,call,220.0,2026-06-18,0.5,220.0,2026-06-18,2026-06-18,28.56,1420386755.5,0.0,False,True,TRANSITIONAL,30
20260607_NVDA_sun_call_60d,2026-06-07,sunday,NVDA,Technology,Semiconductors,0.005,204.0378,BALANCED,HOLDING,LOW,call,200.0,2026-06-18,200.0,220.0,2026-06-18,2026-06-18,30.78,2305490703.5,0.0,False,True,TRANSITIONAL,60
20260607_NVDA_sun_put_14d,2026-06-07,sunday,NVDA,Technology,Semiconductors,0.005,204.0378,BALANCED,HOLDING,LOW,put,200.0,2026-07-17,200.0,215.0,2026-06-18,2026-08-21,36.13,203719581.5,0.0,False,True,TRANSITIONAL,14
20260607_NVDA_sun_put_30d,2026-06-07,sunday,NVDA,Technology,Semiconductors,0.005,204.0378,BALANCED,HOLDING,LOW,put,200.0,2026-07-17,200.0,220.0,2026-06-18,2026-08-21,28.61,386596071.0,0.0,False,True,TRANSITIONAL,30
20260607_NVDA_sun_put_60d,2026-06-07,sunday,NVDA,Technology,Semiconductors,0.005,204.0378,BALANCED,HOLDING,LOW,put,200.0,2026-07-17,200.0,220.0,2026-06-18,2026-07-17,28.53,520857958.5,0.0,False,True,TRANSITIONAL,60
20260607_AAPL_sun_call_14d,2026-06-07,sunday,AAPL,Technology,Consumer Electronics,0.005,307.78,BULLISH,HOLDING,LOW,call,300.0,2026-06-18,300.0,310.0,2026-06-18,2026-07-17,43.32,250770586.0,0.0,False,True,TRANSITIONAL,14
20260607_AAPL_sun_call_30d,2026-06-07,sunday,AAPL,Technology,Consumer Electronics,0.005,307.78,BULLISH,HOLDING,LOW,call,300.0,2026-06-18,300.0,310.0,2026-06-18,2026-07-17,40.71,486862806.0,0.0,False,True,TRANSITIONAL,30
20260607_AAPL_sun_call_60d,2026-06-07,sunday,AAPL,Technology,Consumer Electronics,0.005,307.78,BULLISH,HOLDING,LOW,call,300.0,2026-06-18,290.0,310.0,2026-06-18,2026-07-17,41.49,626707715.5,0.0,False,True,TRANSITIONAL,60
20260607_INTC_sun_call_14d,2026-06-07,sunday,INTC,Technology,Semiconductors,0.0,96.9,LEAN BULLISH,HOLDING,LOW,call,110.0,2026-08-21,110.0,150.0,2026-06-18,2026-08-21,36.73,162870053.5,1.33,False,True,TRANSITIONAL,14
20260607_INTC_sun_call_30d,2026-06-07,sunday,INTC,Technology,Semiconductors,0.0,96.9,LEAN BULLISH,HOLDING,LOW,call,150.0,2026-06-18,120.0,150.0,2026-06-18,2026-06-18,28.21,404155667.0,0.67,False,True,TRANSITIONAL,30
20260607_INTC_sun_call_60d,2026-06-07,sunday,INTC,Technology,Semiconductors,0.0,96.9,LEAN BULLISH,HOLDING,LOW,call,120.0,2026-06-18,100.0,120.0,2026-06-18,2026-08-21,23.64,610205981.5,0.67,False,True,TRANSITIONAL,60
20260607_PLTR_sun_call_14d,2026-06-07,sunday,PLTR,Technology,Software - Infrastructure,0.0,133.89,LEAN BULLISH,HOLDING,LOW,call,150.0,2026-07-17,150.0,160.0,2026-06-18,2026-07-17,41.1,152897461.0,4.0,False,True,TRANSITIONAL,14
20260607_PLTR_sun_call_30d,2026-06-07,sunday,PLTR,Technology,Software - Infrastructure,0.0,133.89,LEAN BULLISH,HOLDING,LOW,call,150.0,2026-07-17,150.0,160.0,2026-06-18,2026-07-17,36.86,200545107.5,4.0,False,True,TRANSITIONAL,30
20260607_PLTR_sun_call_60d,2026-06-07,sunday,PLTR,Technology,Software - Infrastructure,0.0,133.89,LEAN BULLISH,HOLDING,LOW,call,150.0,2026-07-17,140.0,150.0,2026-06-18,2026-07-17,37.37,324975349.0,1.33,False,True,TRANSITIONAL,60
20260607_GPI_sun_put_14d,2026-06-07,sunday,GPI,Consumer Cyclical,Auto & Truck Dealerships,0.0,311.0,BEARISH,HOLDING,LOW,put,330.0,2026-06-18,330.0,330.0,2026-06-18,2026-06-18,100.0,2180.0,0.0,False,False,TRANSITIONAL,14
20260607_GPI_sun_put_30d,2026-06-07,sunday,GPI,Consumer Cyclical,Auto & Truck Dealerships,0.0,311.0,BEARISH,HOLDING,LOW,put,330.0,2026-06-18,330.0,330.0,2026-06-18,2026-06-18,100.0,294310.0,0.0,False,False,TRANSITIONAL,30
20260607_GPI_sun_put_60d,2026-06-07,sunday,GPI,Consumer Cyclical,Auto & Truck Dealerships,0.0,311.0,BEARISH,HOLDING,LOW,put,330.0,2026-06-18,330.0,330.0,2026-06-18,2026-06-18,100.0,294310.0,0.0,False,False,TRANSITIONAL,60
20260614_NVDA_sun_call_14d,2026-06-14,sunday,NVDA,Technology,Semiconductors,0.005,205.4199,LEAN BULLISH,HOLDING,LOW,call,220.0,2026-07-17,200.0,220.0,2026-07-17,2026-07-17,37.46,270982189.5,0.0,False,True,TRANSITIONAL,14
20260614_NVDA_sun_call_30d,2026-06-14,sunday,NVDA,Technology,Semiconductors,0.005,205.4199,LEAN BULLISH,HOLDING,LOW,call,220.0,2026-07-17,200.0,220.0,2026-07-17,2026-07-17,40.6,466890829.5,0.0,False,True,TRANSITIONAL,30
20260614_NVDA_sun_call_60d,2026-06-14,sunday,NVDA,Technology,Semiconductors,0.005,205.4199,LEAN BULLISH,HOLDING,LOW,call,200.0,2026-07-17,200.0,220.0,2026-07-17,2026-07-17,43.73,917498947.0,0.0,False,True,TRANSITIONAL,60
20260614_AAPL_sun_call_14d,2026-06-14,sunday,AAPL,Technology,Consumer Electronics,0.004,291.5199,LEAN BULLISH,HOLDING,LOW,call,260.0,2026-07-17,260.0,300.0,2026-07-17,2026-07-17,51.73,71529494.5,0.0,False,True,TRANSITIONAL,14
20260614_AAPL_sun_call_30d,2026-06-14,sunday,AAPL,Technology,Consumer Electronics,0.004,291.5199,LEAN BULLISH,HOLDING,LOW,call,300.0,2026-07-17,260.0,300.0,2026-07-17,2026-07-17,50.94,127296504.5,0.0,False,True,TRANSITIONAL,30
20260614_AAPL_sun_call_60d,2026-06-14,sunday,AAPL,Technology,Consumer Electronics,0.004,291.5199,LEAN BULLISH,HOLDING,LOW,call,295.0,2026-07-17,280.0,300.0,2026-07-17,2026-07-17,59.31,293239804.5,0.0,False,True,TRANSITIONAL,60
20260614_INTC_sun_call_14d,2026-06-14,sunday,INTC,Technology,Semiconductors,0.001,125.39,BULLISH,HOLDING,LOW,call,120.0,2026-07-17,65.0,120.0,2026-07-17,2026-08-21,36.19,250767911.0,0.0,False,True,TRANSITIONAL,14
20260614_INTC_sun_call_30d,2026-06-14,sunday,INTC,Technology,Semiconductors,0.001,125.39,BULLISH,HOLDING,LOW,call,120.0,2026-07-17,65.0,120.0,2026-07-17,2026-07-17,29.27,362492466.0,0.0,False,True,TRANSITIONAL,30
20260614_INTC_sun_call_60d,2026-06-14,sunday,INTC,Technology,Semiconductors,0.001,125.39,BULLISH,HOLDING,LOW,call,120.0,2026-07-17,65.0,120.0,2026-07-17,2026-08-21,27.63,533032543.5,0.0,False,True,TRANSITIONAL,60
20260614_PLTR_sun_call_14d,2026-06-14,sunday,PLTR,Technology,Software - Infrastructure,0.0,128.2192,BALANCED,HOLDING,LOW,call,140.0,2026-08-21,140.0,150.0,2026-07-17,2026-08-21,51.91,58490837.0,0.0,False,True,TRANSITIONAL,14
20260614_PLTR_sun_call_30d,2026-06-14,sunday,PLTR,Technology,Software - Infrastructure,0.0,128.2192,BALANCED,HOLDING,LOW,call,150.0,2026-07-17,140.0,150.0,2026-07-17,2026-08-21,52.44,127940481.5,0.0,False,True,TRANSITIONAL,30
20260614_PLTR_sun_call_60d,2026-06-14,sunday,PLTR,Technology,Software - Infrastructure,0.0,128.2192,BALANCED,HOLDING,LOW,call,150.0,2026-07-17,140.0,150.0,2026-07-17,2026-08-21,52.35,196277218.6,0.0,False,True,TRANSITIONAL,60
20260614_PLTR_sun_put_14d,2026-06-14,sunday,PLTR,Technology,Software - Infrastructure,0.0,128.2192,BALANCED,HOLDING,LOW,put,140.0,2026-07-17,130.0,140.0,2026-07-17,2026-07-17,37.88,27365225.5,0.0,False,True,TRANSITIONAL,14
20260614_PLTR_sun_put_30d,2026-06-14,sunday,PLTR,Technology,Software - Infrastructure,0.0,128.2192,BALANCED,HOLDING,LOW,put,140.0,2026-07-17,130.0,140.0,2026-07-17,2026-07-17,37.89,46159513.0,0.0,False,True,TRANSITIONAL,30
20260614_PLTR_sun_put_60d,2026-06-14,sunday,PLTR,Technology,Software - Infrastructure,0.0,128.2192,BALANCED,HOLDING,LOW,put,135.0,2026-07-17,130.0,140.0,2026-07-17,2026-07-17,42.34,90986731.0,0.0,False,True,TRANSITIONAL,60
20260621_NVDA_sun_call_14d,2026-06-21,sunday,NVDA,Technology,Semiconductors,0.005,210.33,BULLISH,HOLDING,LOW,call,200.0,2026-09-18,200.0,220.0,2026-07-17,2026-09-18,29.85,304101964.5,0.33,True,True,TRANSITIONAL,14
20260621_NVDA_sun_call_30d,2026-06-21,sunday,NVDA,Technology,Semiconductors,0.005,210.33,BULLISH,HOLDING,LOW,call,220.0,2026-07-17,200.0,220.0,2026-07-17,2026-09-18,30.7,657903058.0,0.33,True,True,TRANSITIONAL,30
20260621_NVDA_sun_call_60d,2026-06-21,sunday,NVDA,Technology,Semiconductors,0.005,210.33,BULLISH,HOLDING,LOW,call,200.0,2026-07-17,200.0,220.0,2026-07-17,2026-07-17,28.94,1410636029.0,0.33,True,True,TRANSITIONAL,60
20260621_AAPL_sun_call_14d,2026-06-21,sunday,AAPL,Technology,Consumer Electronics,0.004,297.21,BULLISH,HOLDING,LOW,call,260.0,2026-07-17,260.0,310.0,2026-07-17,2026-07-17,42.86,96419960.0,0.67,False,True,TRANSITIONAL,14
20260621_AAPL_sun_call_30d,2026-06-21,sunday,AAPL,Technology,Consumer Electronics,0.004,297.21,BULLISH,HOLDING,LOW,call,310.0,2026-07-17,260.0,310.0,2026-07-17,2026-07-17,42.21,225179000.0,0.67,False,True,TRANSITIONAL,30
20260621_AAPL_sun_call_60d,2026-06-21,sunday,AAPL,Technology,Consumer Electronics,0.004,297.21,BULLISH,HOLDING,LOW,call,310.0,2026-07-17,295.0,310.0,2026-07-17,2026-07-17,42.77,438276051.0,0.67,False,True,TRANSITIONAL,60
20260621_INTC_sun_call_14d,2026-06-21,sunday,INTC,Technology,Semiconductors,0.001,134.16,BULLISH,HOLDING,LOW,call,90.0,2026-07-17,90.0,150.0,2026-07-17,2026-07-17,36.87,270266064.0,0.67,True,True,TRANSITIONAL,14
20260621_INTC_sun_call_30d,2026-06-21,sunday,INTC,Technology,Semiconductors,0.001,134.16,BULLISH,HOLDING,LOW,call,90.0,2026-07-17,90.0,150.0,2026-07-17,2026-07-17,32.97,413155270.0,0.67,True,True,TRANSITIONAL,30
20260621_INTC_sun_call_60d,2026-06-21,sunday,INTC,Technology,Semiconductors,0.001,134.16,BULLISH,HOLDING,LOW,call,90.0,2026-07-17,90.0,150.0,2026-07-17,2026-07-17,24.83,709835443.0,0.67,True,True,TRANSITIONAL,60
20260621_PLTR_sun_call_14d,2026-06-21,sunday,PLTR,Technology,Software - Infrastructure,0.0,128.63,BULLISH,HOLDING,MODERATE,call,35.0,2026-08-21,35.0,140.0,2026-08-21,2026-09-18,75.32,134534685.5,0.33,False,True,TRANSITIONAL,14
20260621_PLTR_sun_call_30d,2026-06-21,sunday,PLTR,Technology,Software - Infrastructure,0.0,128.63,BULLISH,HOLDING,LOW,call,35.0,2026-08-21,35.0,150.0,2026-07-17,2026-08-21,56.82,212321518.0,1.33,False,True,TRANSITIONAL,30
20260621_PLTR_sun_call_60d,2026-06-21,sunday,PLTR,Technology,Software - Infrastructure,0.0,128.63,BULLISH,HOLDING,LOW,call,35.0,2026-08-21,35.0,150.0,2026-07-17,2026-08-21,49.99,292544538.0,1.33,False,True,TRANSITIONAL,60
20260621_GPI_sun_call_14d,2026-06-21,sunday,GPI,Consumer Cyclical,Auto & Truck Dealerships,0.0,313.16,LEAN BULLISH,HOLDING,LOW,call,300.0,2026-07-17,300.0,300.0,2026-07-17,2026-07-17,100.0,2085.0,0.0,False,False,TRANSITIONAL,14
20260621_GPI_sun_call_30d,2026-06-21,sunday,GPI,Consumer Cyclical,Auto & Truck Dealerships,0.0,313.16,LEAN BULLISH,HOLDING,LOW,call,300.0,2026-07-17,300.0,400.0,2026-07-17,2026-07-17,100.0,3101.67,0.0,False,False,TRANSITIONAL,30
20260621_GPI_sun_call_60d,2026-06-21,sunday,GPI,Consumer Cyclical,Auto & Truck Dealerships,0.0,313.16,LEAN BULLISH,HOLDING,LOW,call,400.0,2026-07-17,300.0,400.0,2026-07-17,2026-07-17,100.0,9096.67,0.0,False,False,TRANSITIONAL,60
