date,ticker,spot,total_gex,gamma_regime,flip_level,flip_dist_pct,put_flow_building
2026-06-09,SPY,735.44,-1812650523.41,SHORT_FRAGILE,,,True
2026-06-09,QQQ,705.09,-1357018901.26,SHORT_FRAGILE,,,True
2026-06-09,PANW,258.68,,UNKNOWN,,,True
2026-06-09,CNC,66.05,,UNKNOWN,,,False
2026-06-09,KRC,38.91,,UNKNOWN,,,False
2026-06-09,FTNT,137.37,,UNKNOWN,,,True
2026-06-09,GWW,1324.2,,UNKNOWN,,,False
2026-06-09,PBF,40.56,,UNKNOWN,,,False
2026-06-09,TFC,49.33,,UNKNOWN,,,True
2026-06-09,PSX,178.97,,UNKNOWN,,,False
2026-06-09,UNH,412.31,,UNKNOWN,,,False
2026-06-09,PINS,21.77,,UNKNOWN,,,True
2026-06-09,WFC,81.76,,UNKNOWN,,,True
2026-06-09,D,66.02,,UNKNOWN,,,False
2026-06-09,ETSY,69.2,,UNKNOWN,,,False
2026-06-09,ABBV,226.23,,UNKNOWN,,,False
2026-06-09,SJM,111.38,,UNKNOWN,,,False
2026-06-09,NCLH,19.09,,UNKNOWN,,,False
2026-06-09,TRV,298.93,,UNKNOWN,,,False
2026-06-09,GEO,26.68,,UNKNOWN,,,False
2026-06-09,BBY,75.22,,UNKNOWN,,,False
2026-06-09,PCG,16.66,,UNKNOWN,,,False
2026-06-10,SPY,732.79,,UNKNOWN,,,True
2026-06-10,QQQ,701.35,,UNKNOWN,,,True
2026-06-10,MMM,155.06,,UNKNOWN,,,False
2026-06-10,LLY,1139.0,,UNKNOWN,,,False
2026-06-10,AXON,443.06,,UNKNOWN,,,False
2026-06-10,AVTR,9.96,,UNKNOWN,,,False
2026-06-10,GM,83.52,,UNKNOWN,,,False
2026-06-10,UNH,412.87,,UNKNOWN,,,False
2026-06-10,GWW,1336.31,,UNKNOWN,,,False
2026-06-10,RCL,279.01,,UNKNOWN,,,True
2026-06-10,RDDT,174.11,,UNKNOWN,,,False
2026-06-10,GEO,27.23,,UNKNOWN,,,False
2026-06-10,MGNI,15.7,,UNKNOWN,,,False
2026-06-10,CSX,46.9,,UNKNOWN,,,False
2026-06-10,TWLO,200.72,,UNKNOWN,,,False
2026-06-10,CNC,66.33,,UNKNOWN,,,False
2026-06-10,GE,328.42,,UNKNOWN,,,False
2026-06-10,FTNT,136.7,,UNKNOWN,,,True
2026-06-10,FITB,52.71,,UNKNOWN,,,True
2026-06-10,AMGN,343.61,,UNKNOWN,,,True
2026-06-10,PRKS,44.51,,UNKNOWN,,,False
2026-06-10,ABBV,226.44,,UNKNOWN,,,False
2026-06-11,SPY,728.91,,UNKNOWN,,,True
2026-06-11,QQQ,699.97,,UNKNOWN,,,True
2026-06-11,UNH,405.0,,UNKNOWN,,,False
2026-06-11,WFC,82.5,,UNKNOWN,,,True
2026-06-11,APH,150.08,,UNKNOWN,,,False
2026-06-11,RGEN,131.37,,UNKNOWN,,,False
2026-06-11,CSX,46.71,,UNKNOWN,,,False
2026-06-11,HIMS,27.75,,UNKNOWN,,,False
2026-06-11,GEO,28.34,,UNKNOWN,,,False
2026-06-11,GM,79.99,,UNKNOWN,,,False
2026-06-11,TDG,1217.0,,UNKNOWN,,,False
2026-06-11,AMC,2.11,,UNKNOWN,,,False
2026-06-11,NWL,4.42,,UNKNOWN,,,False
2026-06-11,TRIP,11.59,,UNKNOWN,,,False
2026-06-11,ATI,185.0,,UNKNOWN,,,False
2026-06-11,BROS,60.71,,UNKNOWN,,,False
2026-06-11,C,134.81,,UNKNOWN,,,False
2026-06-11,BWA,71.0,,UNKNOWN,,,False
2026-06-11,LQDA,66.54,,UNKNOWN,,,True
2026-06-11,DLTR,110.5,,UNKNOWN,,,False
2026-06-11,PNC,232.64,,UNKNOWN,,,False
2026-06-11,RH,149.0,,UNKNOWN,,,True
2026-06-12,SPY,739.46,,UNKNOWN,,,True
2026-06-12,QQQ,716.65,,UNKNOWN,,,True
2026-06-12,BAC,55.34,,UNKNOWN,,,False
2026-06-12,OSCR,28.8,,UNKNOWN,,,False
2026-06-12,C,137.72,,UNKNOWN,,,False
2026-06-12,DOCN,177.0,,UNKNOWN,,,True
2026-06-12,CRS,572.1,,UNKNOWN,,,False
2026-06-12,FTNT,144.51,,UNKNOWN,,,False
2026-06-12,APH,152.45,,UNKNOWN,,,False
2026-06-12,USB,57.93,,UNKNOWN,,,False
2026-06-12,HAE,79.84,,UNKNOWN,,,False
2026-06-12,DKNG,30.2,,UNKNOWN,,,False
2026-06-12,ABBV,225.0,,UNKNOWN,,,False
2026-06-12,KO,82.73,,UNKNOWN,,,False
2026-06-12,DNOW,13.66,,UNKNOWN,,,False
2026-06-12,NWL,4.61,,UNKNOWN,,,False
2026-06-12,HUM,368.8,,UNKNOWN,,,True
2026-06-12,RH,160.0,,UNKNOWN,,,True
2026-06-12,HIMS,28.71,,UNKNOWN,,,False
2026-06-12,UNH,406.78,,UNKNOWN,,,False
2026-06-12,DECK,114.59,,UNKNOWN,,,False
2026-06-12,GO,9.38,,UNKNOWN,,,False
2026-06-15,SPY,753.1,2932018089.89,LONG_CUSHIONED,,,False
2026-06-15,QQQ,739.62,856403733.62,LONG_CUSHIONED,,,False
2026-06-15,MU,1057.0,,UNKNOWN,,,False
2026-06-15,AAL,15.73,,UNKNOWN,,,False
2026-06-15,AMD,552.29,,UNKNOWN,,,False
2026-06-15,SHW,323.19,,UNKNOWN,,,False
2026-06-15,MMM,160.92,,UNKNOWN,,,False
2026-06-15,WSM,227.23,,UNKNOWN,,,False
2026-06-15,GM,83.78,,UNKNOWN,,,True
2026-06-15,STX,1001.57,,UNKNOWN,,,False
2026-06-15,OSCR,27.75,,UNKNOWN,,,False
2026-06-15,DXCM,74.18,,UNKNOWN,,,False
2026-06-15,AMKR,84.74,,UNKNOWN,,,False
2026-06-15,DKNG,28.88,,UNKNOWN,,,False
2026-06-15,WBS,74.57,,UNKNOWN,,,False
2026-06-15,RYN,22.08,,UNKNOWN,,,False
2026-06-15,CALY,17.45,,UNKNOWN,,,False
2026-06-15,PRU,109.31,,UNKNOWN,,,False
2026-06-15,GPC,104.92,,UNKNOWN,,,False
2026-06-15,STAG,38.73,,UNKNOWN,,,False
2026-06-15,CURB,30.8,,UNKNOWN,,,False
2026-06-15,RRR,62.95,,UNKNOWN,,,False
2026-06-15,SNDK,2046.49,,UNKNOWN,,,False
2026-06-15,WDC,650.5,,UNKNOWN,,,False
2026-06-15,KFRC,49.1,,UNKNOWN,,,False
2026-06-15,KELYA,11.95,,UNKNOWN,,,False
2026-06-15,MAN,33.91,,UNKNOWN,,,False
2026-06-15,NIXX,0.97,,UNKNOWN,,,False
2026-06-15,NSP,35.72,,UNKNOWN,,,False
2026-06-15,VPG,143.26,,UNKNOWN,,,False
2026-06-15,ESE,328.43,,UNKNOWN,,,False
2026-06-15,VAC,96.96,,UNKNOWN,,,False
2026-06-15,MCRI,129.09,,UNKNOWN,,,False
2026-06-15,PAYX,101.09,,UNKNOWN,,,False
2026-06-15,BYD,88.19,,UNKNOWN,,,False
2026-06-15,PENG,62.15,,UNKNOWN,,,False
2026-06-16,SPY,754.27,,UNKNOWN,,,False
2026-06-16,QQQ,742.9,,UNKNOWN,,,False
2026-06-16,ROKU,140.98,,UNKNOWN,,,False
2026-06-16,MRVL,301.04,,UNKNOWN,,,False
2026-06-16,CXW,27.75,,UNKNOWN,,,False
2026-06-16,PG,151.0,,UNKNOWN,,,False
2026-06-16,ENTG,164.0,,UNKNOWN,,,False
2026-06-16,SHW,319.25,,UNKNOWN,,,False
2026-06-16,SNDK,2125.0,,UNKNOWN,,,False
2026-06-16,POWL,301.31,,UNKNOWN,,,False
2026-06-16,BAC,56.09,,UNKNOWN,,,False
2026-06-16,AMAT,583.01,,UNKNOWN,,,False
2026-06-16,JPM,321.98,,UNKNOWN,,,False
2026-06-16,WSM,223.29,,UNKNOWN,,,False
2026-06-16,AXP,337.75,,UNKNOWN,,,False
2026-06-16,AAL,15.58,,UNKNOWN,,,False
2026-06-16,GE,341.0,,UNKNOWN,,,False
2026-06-16,ALK,49.49,,UNKNOWN,,,False
2026-06-16,TJX,166.8,,UNKNOWN,,,False
2026-06-16,NCLH,20.31,,UNKNOWN,,,False
2026-06-16,RCL,316.8,,UNKNOWN,,,False
2026-06-16,CAVA,89.58,,UNKNOWN,,,False
2026-06-16,MGM,48.87,,UNKNOWN,,,False
2026-06-16,STX,1076.99,,UNKNOWN,,,False
2026-06-16,WDC,701.75,,UNKNOWN,,,False
2026-06-16,EVC,9.22,,UNKNOWN,,,False
2026-06-16,TRIP,12.52,,UNKNOWN,,,False
2026-06-16,ROST,236.9,,UNKNOWN,,,True
2026-06-16,BYD,87.67,,UNKNOWN,,,False
2026-06-16,TWST,79.34,,UNKNOWN,,,False
2026-06-16,MKSI,375.0,,UNKNOWN,,,False
2026-06-16,AEO,18.46,,UNKNOWN,,,False
2026-06-16,WGS,61.4,,UNKNOWN,,,False
2026-06-16,CCL,30.36,,UNKNOWN,,,False
2026-06-16,RRR,61.13,,UNKNOWN,,,True
2026-06-16,CZR,29.3,,UNKNOWN,,,False
2026-06-16,PENN,22.0,,UNKNOWN,,,False
2026-06-16,VAC,95.21,,UNKNOWN,,,False
2026-06-17,SPY,751.31,,UNKNOWN,,,True
2026-06-17,QQQ,734.48,,UNKNOWN,,,True
2026-06-17,ROKU,138.35,,UNKNOWN,,,False
2026-06-17,CXW,27.78,,UNKNOWN,,,False
2026-06-17,AMKR,91.0,,UNKNOWN,,,False
2026-06-17,GE,352.25,,UNKNOWN,,,False
2026-06-17,AXP,340.0,,UNKNOWN,,,False
2026-06-17,PG,152.74,,UNKNOWN,,,False
2026-06-17,SHW,322.44,,UNKNOWN,,,False
2026-06-17,TJX,166.0,,UNKNOWN,,,False
2026-06-17,MRVL,287.75,,UNKNOWN,,,False
2026-06-17,POWL,293.9,,UNKNOWN,,,False
2026-06-17,SCHW,93.65,,UNKNOWN,,,False
2026-06-17,TER,423.99,,UNKNOWN,,,False
2026-06-17,APH,161.1,,UNKNOWN,,,False
2026-06-17,GWW,1324.27,,UNKNOWN,,,False
2026-06-17,WULF,28.21,,UNKNOWN,,,False
2026-06-17,ALK,49.1,,UNKNOWN,,,False
2026-06-17,DECK,110.61,,UNKNOWN,,,False
2026-06-17,CAVA,87.29,,UNKNOWN,,,False
2026-06-17,KO,79.95,,UNKNOWN,,,False
2026-06-17,FLR,51.35,,UNKNOWN,,,True
2026-06-17,MGM,48.44,,UNKNOWN,,,True
2026-06-17,SNDK,2054.92,,UNKNOWN,,,True
2026-06-17,RCL,311.69,,UNKNOWN,,,False
2026-06-17,STX,1056.0,,UNKNOWN,,,False
2026-06-17,RL,406.75,,UNKNOWN,,,False
2026-06-17,WDC,695.0,,UNKNOWN,,,False
2026-06-17,EVC,9.13,,UNKNOWN,,,False
2026-06-17,NCLH,20.35,,UNKNOWN,,,False
2026-06-17,ROST,232.82,,UNKNOWN,,,False
2026-06-17,TRIP,12.74,,UNKNOWN,,,False
2026-06-17,MGNI,18.78,,UNKNOWN,,,False
2026-06-17,PRSU,48.87,,UNKNOWN,,,False
2026-06-17,BYD,86.47,,UNKNOWN,,,False
2026-06-17,TWST,85.44,,UNKNOWN,,,False
2026-06-17,ANF,89.58,,UNKNOWN,,,True
2026-06-17,CRL,188.0,,UNKNOWN,,,True
2026-06-17,ZD,45.97,,UNKNOWN,,,False
2026-06-17,CCL,31.08,,UNKNOWN,,,False
2026-06-17,MKSI,367.1,,UNKNOWN,,,False
